day;bikes;zb;dist.total;ga;gd;sop;tczew;rumia;s10111;s10111d;s10112;s10112d;zstat;sstat;gd0p;ga0p;sop0p;tczew0p;rumia0p;gd1p;ga1p;sop1p;tczew1p;rumia1p;slope3;slope5;stage2;stage4;stage6;stage8;stage10;stage12;stage14;stage16;stage18;stage20;stage99
2019-04-13;626;102;8129.4;1409.1;5632.6;565.4;208.8;109.0;0.25;0.20;0.56;0.61;65.34;84.37;71.23;64.16;53.35;37.98;59.70;88.94;83.10;72.11;62.31;82.60;66.3;8.0;2188.2;2326.2;1459.3;1171.3;405.9;199.5;257.7;46.6;17.0;36.6;21.2
2019-04-14;616;85;8608.5;1483.0;5765.3;741.9;229.7;86.3;0.95;0.71;1.45;1.82;65.88;85.76;71.67;66.38;47.29;41.65;54.01;89.63;86.18;72.36;66.98;83.51;73.7;10.0;2010.9;2571.2;1684.4;1046.2;486.0;363.8;188.7;148.7;16.0;38.5;54.2
2019-04-15;663;133;11212.1;1878.0;7692.6;692.0;364.7;162.8;0.31;0.42;0.48;0.63;68.01;87.15;72.87;68.70;57.47;45.90;60.58;89.88;88.66;84.73;67.58;84.94;79.4;9.3;2766.1;3482.2;2291.8;1392.5;568.5;295.5;119.4;44.4;34.4;37.7;179.7
2019-04-16;690;101;13159.0;2392.1;8938.9;779.7;321.7;206.8;0.34;0.45;0.27;0.36;68.71;86.72;72.25;71.62;64.43;43.79;66.19;89.74;89.07;85.09;64.04;82.92;87.3;6.7;2854.1;3609.7;2621.0;1480.5;636.9;438.6;513.3;232.2;556.8;0.0;216.0
2019-04-17;805;103;15168.1;3267.2;9792.6;931.3;400.5;182.6;0.08;0.05;0.57;0.62;66.95;85.55;72.28;63.46;63.15;47.13;65.96;90.22;82.39;83.66;70.83;79.58;131.5;9.6;3266.2;4040.5;3087.1;1857.7;1010.0;392.1;700.1;337.3;319.9;114.6;42.5
2019-04-18;770;75;16116.9;3606.7;10539.6;914.8;366.0;178.6;0.57;0.48;0.70;0.91;64.13;84.17;70.27;55.96;63.41;50.42;63.61;87.80;79.22;87.23;73.82;81.46;103.9;11.4;3309.8;4549.0;3210.8;2221.3;888.4;619.0;308.1;462.1;326.1;149.6;72.6
2019-04-19;821;93;13551.1;2806.5;8847.7;754.4;334.4;210.5;0.48;0.56;0.61;0.81;60.63;82.56;65.32;56.54;55.95;52.62;58.54;85.08;81.25;78.91;74.09;84.42;122.4;14.1;3123.9;3666.4;2689.9;1938.0;789.9;457.9;262.3;209.6;166.9;96.6;149.7
2019-04-20;804;98;8232.1;1841.7;5133.8;546.8;262.3;154.5;0.70;0.61;1.26;1.50;55.83;79.05;60.40;56.24;34.74;44.51;45.18;82.31;79.85;60.13;67.27;75.83;66.6;8.4;2041.8;2293.2;1581.5;1059.9;503.2;229.9;62.7;75.6;84.6;210.8;88.9
2019-04-21;799;139;5568.6;1214.4;3318.6;496.9;170.4;113.1;3.26;3.63;1.73;1.76;53.51;76.80;57.77;55.09;30.80;42.43;39.59;79.90;79.10;55.00;64.30;72.75;52.8;10.5;1403.4;1480.3;1061.1;681.6;244.2;244.5;65.1;107.7;50.0;0.0;230.6
2019-04-22;799;128;7990.4;1619.4;4960.0;809.5;247.7;104.3;4.39;3.96;1.37;1.49;56.11;78.52;60.20;59.05;27.03;44.53;48.93;81.70;81.69;48.24;65.77;78.05;60.7;3.9;1679.0;1966.2;1650.8;1000.0;757.7;496.2;89.2;101.2;33.1;55.0;161.9
2019-04-23;850;107;13420.8;2341.3;8911.9;955.3;347.9;254.8;3.99;3.83;1.97;1.48;58.77;80.26;63.00;62.30;31.43;45.41;52.74;82.65;83.60;57.35;70.09;80.88;101.8;11.2;3239.6;3788.3;2735.0;1558.5;710.3;505.6;259.5;206.2;215.5;75.5;126.7
2019-04-24;832;83;17322.1;3301.0;11414.9;1275.0;474.8;288.5;1.72;0.63;1.00;1.05;63.55;84.01;67.65;63.44;51.26;46.05;61.33;85.34;85.99;78.65;71.62;83.35;143.7;9.3;3865.7;5036.4;3757.1;2085.1;1165.3;446.9;350.8;192.6;184.8;174.1;63.3
2019-04-25;833;93;18911.3;3487.2;12338.2;1411.9;573.7;326.4;0.36;0.48;0.90;0.84;68.02;86.47;71.06;70.78;57.99;52.74;68.31;88.71;88.89;76.18;77.08;86.15;108.8;15.4;3634.7;5107.4;4067.0;2799.5;1446.7;684.0;429.9;163.3;117.2;170.8;291.0
2019-04-26;830;88;19218.0;3548.5;12375.2;1732.5;565.3;336.7;0.43;0.28;0.86;1.04;69.51;87.66;72.98;73.74;62.36;52.71;64.16;89.71;90.72;85.83;77.58;86.69;108.1;4.6;3751.4;5021.4;4011.9;2875.6;1529.6;762.1;423.0;400.1;219.1;132.3;91.5
2019-04-27;806;96;16048.2;3398.9;9913.5;1625.7;482.0;236.6;0.90;0.63;1.10;1.26;67.75;86.14;72.24;65.16;58.93;46.31;66.67;89.80;83.11;81.88;75.28;88.55;106.6;8.6;2914.9;3996.1;3313.3;2496.4;1052.9;860.5;456.3;400.8;221.1;169.0;166.9
2019-04-28;766;109;10005.8;2025.2;6519.8;753.5;364.8;147.1;0.55;0.40;1.65;1.44;60.44;81.72;66.98;49.81;48.21;51.38;54.54;86.41;73.83;75.89;73.71;83.58;80.6;7.2;2496.4;2894.9;1954.2;1266.2;517.4;460.3;154.9;103.4;118.1;19.7;20.2
2019-04-29;750;70;16438.8;3820.6;10032.5;1218.5;478.0;321.0;0.61;0.43;1.56;0.97;65.48;85.08;70.97;60.92;57.15;51.40;57.06;88.34;82.70;81.65;77.14;81.42;112.0;12.1;3478.2;4440.8;3335.3;2435.8;1210.4;581.8;339.5;179.0;189.5;95.1;153.4
2019-04-30;803;65;17285.8;3917.6;10423.4;1344.3;549.7;336.0;0.83;0.88;0.46;0.50;64.16;84.86;70.41;60.05;56.87;51.19;56.90;88.08;83.54;82.46;76.96;85.17;110.1;12.5;3488.3;4554.7;3576.5;2477.0;1390.6;638.2;436.7;161.6;166.5;96.1;299.5
2019-05-01;825;86;13044.5;3275.8;7303.7;1405.7;393.2;186.3;1.80;1.40;0.17;0.22;64.69;83.77;70.15;60.52;58.66;58.71;58.84;87.80;82.35;76.89;76.02;79.99;87.1;8.4;2318.4;3092.2;2493.6;1774.8;1312.7;660.0;335.7;407.6;153.1;266.3;230.1
2019-05-02;823;121;10267.6;2354.7;6155.5;709.3;230.3;144.5;0.56;0.48;0.51;0.60;58.31;79.59;63.93;52.42;58.02;45.71;58.02;83.38;76.80;81.92;67.20;82.38;106.6;5.1;2608.5;2696.9;1943.4;912.8;614.9;454.0;194.3;253.3;33.9;19.1;536.3
2019-05-03;906;112;11254.1;2265.8;6931.4;1211.2;167.7;188.5;0.86;0.75;0.95;1.20;56.29;77.55;61.91;54.05;37.46;40.86;46.15;82.20;76.09;64.62;64.04;78.84;76.6;6.1;2315.3;2988.4;2124.3;1444.8;862.7;504.7;278.6;224.5;51.2;98.6;361.1
2019-05-04;926;96;13172.1;2929.9;7900.4;1407.8;328.3;208.4;1.37;0.91;0.72;0.95;56.50;77.24;61.09;55.86;44.42;41.54;47.32;81.60;74.83;64.63;66.81;71.00;107.3;9.0;3050.8;3550.5;2465.2;1534.2;1020.6;539.2;297.5;251.2;118.5;171.0;173.5
2019-05-05;959;97;12104.6;2570.5;7386.6;1323.5;373.8;159.6;2.31;2.17;0.63;0.84;57.50;78.42;61.36;57.40;42.51;50.40;52.78;81.55;77.89;65.71;71.00;75.60;99.6;12.2;2742.4;3376.0;2585.0;1498.1;825.6;538.2;178.8;164.1;99.6;56.3;40.5
2019-05-06;962;104;16545.8;3163.5;11185.4;1041.3;452.3;250.4;0.89;0.41;0.80;1.01;58.24;79.35;62.59;57.36;54.27;51.35;53.79;82.51;80.04;76.71;73.33;74.85;144.8;18.6;4474.5;5108.7;3095.3;1913.5;948.5;327.2;242.9;44.4;84.3;134.0;172.4
2019-05-07;984;77;19471.8;3714.1;12818.9;1415.3;488.5;293.6;1.04;1.05;1.04;1.23;57.43;78.95;62.71;55.05;46.94;48.02;44.08;82.57;78.27;70.32;74.55;71.48;161.0;13.9;4813.0;5542.8;4026.4;2137.3;1076.5;776.2;242.4;236.4;102.8;96.6;421.6
2019-05-08;997;78;20863.8;4286.6;13606.4;1403.2;431.4;421.3;1.64;0.76;1.36;1.54;58.04;79.08;62.70;55.35;51.69;54.42;52.02;83.00;77.47;74.07;76.27;71.26;144.5;8.7;4705.3;5885.8;4517.6;2610.6;1223.9;622.3;482.1;192.4;220.3;132.0;271.5
2019-05-09;1079;179;17677.6;3230.7;12106.7;1108.2;366.6;377.2;0.55;0.36;0.89;1.11;56.37;77.64;59.34;56.65;52.05;48.56;52.40;79.92;78.28;75.72;73.29;75.49;148.8;9.7;4487.9;5324.6;3643.0;2108.1;1089.1;476.4;256.5;132.7;103.3;55.9;0.0
2019-05-10;1124;122;23179.5;4096.2;15849.7;1604.5;695.2;380.2;1.35;1.12;1.31;1.63;56.21;77.57;58.60;58.42;47.09;48.68;50.28;79.72;78.48;69.43;72.00;75.60;140.3;21.5;5207.4;6814.1;4586.2;3108.0;1392.7;793.3;446.5;280.3;101.5;92.6;356.8
2019-05-11;1031;116;19169.5;3969.8;12532.5;1577.1;417.7;269.4;0.70;0.60;1.10;1.22;57.33;77.83;61.29;56.42;47.19;52.77;56.72;81.54;75.52;69.15;75.79;76.54;153.7;22.3;4375.6;5015.2;3851.6;2645.9;1282.9;798.6;392.8;282.6;185.1;170.3;168.8
2019-05-12;1006;111;14889.8;3517.2;8950.2;1493.7;232.9;368.8;0.82;0.82;0.77;0.86;53.44;74.33;58.06;51.39;45.80;39.92;49.55;78.54;72.22;64.76;64.09;72.68;105.4;5.5;3380.6;4061.9;2805.3;1909.4;1090.6;615.5;294.7;165.5;165.6;132.1;268.7
2019-05-13;1023;96;17903.5;3426.8;12013.6;1157.1;443.1;312.6;0.53;0.60;1.72;1.44;55.10;75.06;60.65;49.58;49.31;49.18;58.25;79.92;70.48;70.96;73.91;76.88;148.4;7.8;4836.1;5428.3;3464.3;2011.4;1084.1;504.7;206.4;119.6;133.5;94.2;21.0
2019-05-14;1106;106;19405.7;3987.6;12795.8;1230.8;589.5;326.7;0.63;0.29;1.22;1.20;54.42;74.53;60.28;48.54;50.98;51.10;56.51;79.46;70.21;74.81;70.25;79.81;158.7;10.4;5105.7;5902.0;3856.9;2261.9;1018.1;347.6;240.9;148.5;202.3;93.9;227.9
2019-05-15;1133;119;14480.9;3119.1;9612.3;837.2;287.6;189.7;0.61;0.52;1.49;1.31;50.55;70.78;58.59;37.99;45.41;43.09;56.99;77.10;61.14;67.87;68.55;77.87;128.9;8.1;4041.7;4305.4;2568.0;1606.8;960.9;385.3;310.2;134.1;67.3;75.9;25.3
2019-05-16;1195;141;16571.7;3270.9;11393.9;909.8;363.9;218.0;1.12;1.10;1.95;2.05;50.72;70.88;58.45;37.26;41.76;44.41;54.63;77.06;58.35;70.72;68.09;76.39;166.8;12.7;4467.3;5088.5;3282.6;1898.0;836.7;360.2;310.4;75.0;116.3;57.0;79.8
2019-05-17;1190;171;14784.3;2593.2;10054.2;981.5;501.4;192.6;2.10;2.09;1.26;1.68;48.11;69.03;55.97;36.14;33.17;47.08;46.06;75.42;58.14;57.95;71.03;68.28;113.9;10.2;3959.8;4230.3;2715.0;1808.0;665.5;373.4;228.5;150.2;35.1;36.3;582.2
2019-05-18;1167;131;15374.5;3358.1;9613.9;1214.7;485.4;267.2;2.19;1.70;1.90;1.93;48.38;70.37;54.88;37.08;34.30;45.89;55.44;75.93;60.32;56.38;69.84;80.95;113.3;12.8;3904.2;4231.6;3155.0;1537.7;862.9;497.8;257.1;134.5;171.1;74.4;548.3
2019-05-19;1098;138;13188.6;3402.7;7811.8;1221.2;188.9;250.7;1.55;1.45;3.09;3.57;49.81;71.78;57.75;38.86;31.34;44.75;41.37;78.64;62.26;57.87;66.34;68.36;130.6;15.6;2990.5;3609.7;2695.6;1786.5;944.6;430.0;166.1;175.0;99.8;116.6;174.2
2019-05-20;1133;115;21390.2;5398.3;12681.0;1764.0;596.5;373.5;0.93;0.85;1.13;1.35;56.67;76.80;65.16;46.69;40.05;49.59;47.44;83.92;67.45;62.13;74.74;72.37;160.6;14.1;4708.1;5761.9;4329.3;3002.8;1646.3;715.1;426.4;312.1;137.4;114.5;236.4
2019-05-21;1124;136;21954.5;5566.1;13116.7;1496.8;502.0;412.5;0.51;0.26;0.70;0.93;60.53;80.98;67.61;53.44;57.06;52.79;54.42;86.49;74.69;80.00;73.48;81.93;160.3;16.3;4726.9;5912.8;4669.9;2752.2;1526.0;656.4;487.6;327.1;170.4;281.2;444.0
2019-05-22;1119;121;24155.1;5659.4;15085.0;1659.0;550.8;402.2;0.59;0.45;0.58;0.73;62.10;82.10;67.12;59.91;60.33;54.65;53.27;85.83;79.94;81.40;78.05;83.28;153.3;18.2;4783.0;6538.9;5090.4;3798.6;1767.8;765.4;581.0;383.9;85.4;154.5;206.2
2019-05-23;1181;99;25076.2;5612.2;16192.2;1651.0;635.0;341.3;1.27;1.21;1.44;1.41;55.84;76.38;61.09;50.63;46.76;51.09;58.13;81.07;70.52;68.18;77.57;81.88;212.7;14.5;5933.5;7109.2;5021.3;3306.9;1465.9;842.5;464.1;434.9;67.3;58.5;372.1
2019-05-24;1133;80;23336.9;5661.4;13985.8;2035.9;448.6;407.1;1.20;0.65;1.26;1.50;57.84;78.29;64.52;49.17;41.02;61.17;55.83;83.69;71.65;67.53;83.82;79.43;131.2;11.9;4416.7;6260.5;4887.2;3223.9;1783.4;1096.2;527.9;206.4;319.6;132.3;482.8
2019-05-25;1130;76;22667.6;5328.1;13719.4;2059.1;502.5;398.5;0.33;0.33;0.94;1.24;52.48;74.56;58.33;43.11;47.13;52.09;51.93;79.94;64.70;65.47;74.31;79.29;160.7;13.1;4798.5;6201.0;4284.6;2816.2;1924.6;1152.1;485.2;356.9;200.3;231.0;217.2
2019-05-26;1082;100;16824.8;3976.4;10339.9;1446.9;405.0;270.1;0.70;0.38;0.97;1.11;51.32;72.79;58.85;42.30;46.02;39.68;38.54;79.82;63.79;64.80;64.30;69.31;126.3;11.5;3872.7;4690.7;3270.7;2067.0;1155.9;578.3;349.2;239.5;302.8;136.9;161.0
2019-05-27;1138;107;20874.6;5471.0;12382.0;1368.6;599.4;374.6;0.67;0.46;0.77;1.03;56.39;77.50;64.76;45.57;50.38;49.36;52.72;84.46;66.91;71.41;73.13;83.88;200.4;17.7;4859.4;6035.0;4085.6;2599.5;1208.1;738.6;384.0;369.2;85.4;298.9;211.0
2019-05-28;1159;137;14197.7;3124.2;9099.6;850.7;511.9;239.3;0.48;0.64;1.86;1.73;49.97;71.15;56.42;41.65;38.05;43.95;49.08;77.53;61.61;60.06;63.57;77.29;152.5;13.8;4284.2;4313.8;2502.7;1407.0;655.7;347.9;209.4;162.1;33.0;18.7;263.3
2019-05-29;1190;114;25958.1;6200.3;16165.6;1775.5;565.3;460.9;0.59;0.67;1.25;1.35;54.11;74.90;60.69;47.23;44.26;45.03;49.60;80.36;66.77;67.06;67.46;76.15;243.5;18.7;5836.1;7672.6;5029.7;3254.0;1426.4;902.6;660.2;432.5;323.1;170.1;250.9
2019-05-30;1173;72;25892.1;6143.8;15669.8;1884.2;725.5;515.0;1.01;0.68;0.82;0.95;55.89;76.12;65.13;43.38;44.14;47.59;53.78;83.38;65.35;68.95;66.28;77.39;227.7;15.0;5630.2;7196.0;5354.4;3358.9;1724.5;970.5;326.3;293.3;165.6;188.0;684.5
2019-05-31;1141;80;24157.8;5897.3;15025.0;1630.7;541.7;403.3;0.96;0.85;0.35;0.46;54.00;75.28;62.79;43.82;51.27;50.25;40.92;82.29;64.60;71.86;72.01;67.57;228.0;16.1;5828.9;7236.6;4715.5;3142.2;1537.6;645.5;377.2;212.2;86.2;133.7;242.2
2019-06-01;1183;79;24583.0;6166.7;14392.8;2225.4;703.8;474.3;0.38;0.39;3.02;3.03;51.63;73.24;57.67;45.13;41.20;39.54;45.08;78.08;67.47;59.22;64.00;71.58;174.1;15.8;5221.7;6439.0;4956.5;3187.8;1709.1;966.5;486.3;632.3;295.0;190.0;498.8
2019-06-02;1154;82;24711.1;6340.5;13717.0;3001.7;546.8;394.5;1.17;1.08;1.16;1.24;56.88;76.22;63.60;47.36;47.21;49.63;53.24;81.04;68.93;66.80;70.17;79.90;153.9;3.1;4130.6;6054.0;5044.6;3350.4;2170.1;1370.9;627.7;577.2;422.5;210.3;752.8
2019-06-03;1103;74;26367.6;7036.9;15363.3;1972.9;745.4;449.5;1.67;0.92;1.00;0.76;61.56;80.47;68.00;52.75;56.17;52.16;56.37;85.25;73.89;78.37;71.62;79.78;188.5;13.1;5092.4;7145.2;5322.7;3462.9;1897.5;1385.1;571.4;419.8;302.5;95.3;672.9
2019-06-04;1150;126;28778.2;7819.9;16622.1;2138.8;671.6;627.8;0.62;0.21;0.90;1.00;62.48;81.39;71.21;51.82;54.55;54.64;48.37;87.56;73.44;72.24;76.12;76.86;216.2;17.4;5639.5;7592.0;5871.5;4054.1;1922.0;1270.0;943.0;314.3;463.0;228.8;480.2
2019-06-05;1233;75;31078.0;8120.5;18733.5;2159.2;652.2;538.0;1.20;0.76;0.68;0.71;58.99;78.67;66.39;50.80;49.58;45.29;48.20;84.77;70.70;69.99;70.68;78.41;239.6;28.1;6192.6;8818.6;6366.4;4380.8;2101.9;1074.4;722.9;401.3;355.3;170.7;493.0
2019-06-06;1230;72;32705.9;8359.1;19455.5;2693.0;671.4;543.3;0.42;0.56;1.55;2.06;57.49;77.45;66.26;48.27;53.84;46.78;42.21;84.62;69.35;72.28;69.77;67.65;263.7;18.9;6606.2;9178.4;6815.8;4325.8;2402.7;1241.1;731.4;641.7;354.6;152.1;256.2
2019-06-07;1190;89;26653.9;6818.1;15910.7;1875.0;575.7;579.0;0.65;0.45;0.37;0.40;59.58;79.64;66.40;51.38;53.44;51.64;56.94;84.85;73.42;73.35;73.00;81.38;203.4;19.8;5668.7;7608.3;5495.4;3357.1;1632.3;921.1;352.1;341.5;168.1;130.6;978.8
2019-06-08;1243;118;24991.8;5936.5;14992.2;2639.7;360.8;397.2;1.75;1.26;0.91;0.92;54.81;76.51;60.29;49.24;37.35;53.42;51.56;80.86;70.97;60.44;77.05;77.54;194.8;17.1;5327.8;6844.1;5009.9;3523.9;1891.3;940.6;547.1;368.3;169.5;131.4;237.9
2019-06-09;1228;95;26876.6;7754.3;14410.9;3217.3;339.4;415.7;1.02;0.93;0.59;0.62;58.35;78.66;64.05;48.86;48.22;51.28;63.60;82.41;72.19;69.21;76.67;85.81;160.1;17.8;4485.7;6691.3;5331.0;3822.6;2345.0;1711.0;971.3;512.8;320.9;260.6;424.4
2019-06-10;1205;96;25300.2;6179.1;15518.3;1845.6;667.1;406.0;1.97;1.41;0.88;1.15;54.92;76.74;62.20;44.54;40.78;42.11;57.11;82.38;68.58;64.83;70.06;81.95;182.1;17.2;5534.0;7175.1;5274.4;3484.6;1690.3;777.7;600.7;237.1;150.6;185.4;190.3
2019-06-11;1282;86;30259.6;7740.2;18007.1;2542.5;695.0;457.6;1.41;0.80;0.74;0.70;58.08;78.97;64.52;49.61;46.30;49.38;57.36;83.56;72.01;67.01;74.16;83.20;237.1;21.8;6217.8;8886.1;6255.2;3961.1;2229.1;1072.4;652.5;308.7;203.0;150.1;323.7
2019-06-12;1239;81;31944.0;8013.6;19542.0;2279.4;786.6;481.9;1.30;0.57;0.29;0.36;60.38;80.28;65.77;52.13;59.83;57.73;63.25;84.19;73.57;78.25;82.03;86.01;189.4;16.2;6543.7;8919.3;6928.5;4307.2;2359.0;1205.5;677.0;328.6;202.5;113.7;359.0
2019-06-13;1189;129;19843.5;4559.8;12664.6;1229.4;491.6;380.5;1.25;1.03;1.19;1.21;52.77;74.66;57.42;47.43;49.67;43.78;51.35;78.74;67.10;72.36;74.92;77.36;154.0;10.9;5468.2;5838.0;3833.1;2195.0;1041.5;731.3;362.4;149.7;86.1;75.1;63.0
2019-06-14;1362;155;34207.1;8471.5;21138.7;2598.5;552.2;523.1;1.46;0.79;0.67;0.67;57.39;78.37;64.13;48.48;47.44;52.58;55.90;83.45;68.65;73.10;81.78;79.71;245.8;24.4;6752.6;9590.1;7392.1;4883.0;2528.3;1252.6;618.6;401.3;357.3;302.5;128.7
2019-06-15;1391;134;29775.5;6925.3;17869.1;3343.5;364.6;537.1;1.01;0.86;1.50;1.90;52.31;73.84;59.14;40.02;39.44;59.97;39.37;78.68;64.66;62.04;83.67;68.49;181.0;12.8;5366.1;7923.5;6251.9;4873.4;2226.8;1515.4;470.9;511.0;184.9;186.5;265.0
2019-06-16;1376;137;22829.7;5337.2;13845.7;2402.5;341.3;321.6;1.72;1.24;0.95;1.26;49.17;70.99;53.70;40.45;39.85;53.82;48.88;74.84;62.39;63.56;73.21;77.11;164.5;16.1;4930.8;5941.6;4391.4;3042.3;1957.4;953.0;636.6;373.0;136.3;252.5;214.7
2019-06-17;1370;107;32573.7;8147.9;19696.6;2339.7;798.6;630.5;1.84;1.23;0.67;0.86;55.66;76.20;62.73;47.13;50.61;51.33;52.16;81.65;66.53;68.81;73.37;78.80;260.1;17.4;6823.0;9108.3;6779.7;4095.9;2173.3;1321.6;788.6;507.1;348.7;171.2;456.3
2019-06-18;1321;107;33695.0;8405.8;19902.7;2751.2;928.7;511.2;1.44;1.13;0.96;0.65;58.02;77.80;65.33;52.54;46.15;47.88;58.84;83.19;72.59;66.81;69.43;81.31;261.4;19.8;6792.0;8896.8;6631.6;5051.0;2238.7;1288.5;710.6;372.3;458.3;263.7;991.6
2019-06-19;1338;96;34587.2;9319.0;19972.5;2700.5;804.5;657.3;1.87;1.48;0.63;0.78;57.36;76.87;66.09;48.79;44.93;44.92;49.84;84.81;68.22;63.20;63.06;74.59;269.4;21.4;7042.0;9646.3;7282.9;4735.1;2373.8;1327.1;624.7;422.5;219.1;547.1;366.7
2019-06-20;1296;106;23891.6;6463.1;13332.1;2805.3;479.0;278.2;3.46;2.87;2.78;3.19;55.61;75.37;61.94;46.06;42.43;41.33;56.03;81.74;66.22;60.35;61.88;82.49;201.0;17.4;4502.9;6407.3;5012.0;3474.3;1836.2;897.4;746.2;419.1;167.9;154.1;274.3
2019-06-21;1290;92;28421.7;6979.3;16876.7;2750.3;521.0;515.6;2.14;1.42;1.93;1.07;56.25;76.47;62.68;49.33;47.85;41.45;47.81;81.99;70.17;66.30;64.72;70.03;224.2;15.2;6069.4;8223.8;5776.9;3599.2;1901.8;1366.8;638.9;252.7;170.9;284.2;137.2
2019-06-22;1245;72;29029.4;8111.0;15904.0;3008.3;692.3;538.9;0.82;0.35;0.73;0.69;55.50;76.05;62.63;48.12;52.47;40.64;36.21;81.99;69.40;70.94;60.44;62.97;227.5;11.9;5460.5;7454.6;5703.6;3992.5;2239.7;1707.2;715.7;613.0;272.4;270.8;599.4
2019-06-23;1288;111;27484.6;7199.2;14900.8;3484.7;575.0;389.7;0.88;0.84;0.80;0.84;55.69;75.86;62.03;48.08;44.16;34.87;61.22;81.00;69.26;65.73;57.69;83.59;199.5;10.4;4549.4;6823.5;5672.0;3993.8;2484.1;1515.1;828.7;355.7;375.0;57.5;829.9
2019-06-24;1272;95;29432.5;7538.9;17334.8;2235.8;769.6;519.9;0.25;0.05;1.34;1.06;57.65;77.24;65.65;50.52;49.48;39.24;53.54;83.96;71.48;70.05;62.93;77.21;210.8;14.0;6144.8;8467.2;5857.2;3771.1;2266.0;1040.8;905.6;387.8;184.7;115.6;291.6
2019-06-25;1305;104;30598.2;8054.7;17595.1;2604.0;746.2;626.1;0.14;0.19;0.99;1.18;59.14;78.79;68.94;50.06;52.22;42.21;42.84;87.03;70.20;68.63;65.54;66.70;201.7;10.4;6142.3;8585.4;6511.1;4438.0;2329.7;1090.2;656.3;418.0;101.0;114.0;212.1
2019-06-26;1326;101;31771.7;8412.4;18111.8;2691.2;953.6;571.4;0.70;0.73;0.50;0.54;59.50;78.61;70.17;46.69;53.72;42.30;46.64;87.36;67.86;71.03;63.50;69.15;220.4;7.8;6427.2;8737.5;6488.7;4315.4;2302.7;1223.9;821.4;435.2;168.5;130.0;721.0
2019-06-27;1322;122;27916.2;7052.1;16899.3;1980.8;702.5;449.2;1.00;1.22;0.55;0.69;54.28;74.74;64.65;37.71;52.99;38.93;49.71;84.06;60.53;73.38;61.81;77.51;246.5;12.8;6589.2;8197.5;5426.6;3490.6;1815.3;1016.8;396.8;390.0;183.9;166.4;243.1
2019-06-28;1309;120;31329.9;8199.3;18142.6;2727.7;791.0;533.1;1.18;0.60;0.78;0.60;56.55;76.57;66.33;43.92;51.06;40.10;43.58;85.14;64.86;71.95;63.64;72.22;233.9;17.8;6061.8;8686.5;6316.3;4544.7;2447.1;1446.2;785.1;297.6;284.2;188.5;271.8
2019-06-29;1271;93;28938.7;7856.1;16061.8;3124.5;581.3;468.9;1.20;0.92;1.15;1.32;54.35;74.80;63.96;41.38;49.84;31.90;47.99;83.06;62.54;70.80;58.04;75.04;182.2;17.1;5348.3;7719.1;6230.4;4245.9;2305.8;1140.2;778.3;403.1;237.8;171.4;358.5
2019-06-30;1237;110;26305.7;7160.5;14512.2;2825.3;662.5;438.4;0.44;0.52;0.43;0.57;55.80;75.77;66.20;42.88;44.19;37.38;37.95;84.76;64.72;60.30;63.49;68.02;173.9;13.2;4783.0;7466.4;5480.1;3733.5;1893.5;858.9;671.9;409.3;286.3;212.1;510.5
2019-07-01;1231;120;25701.5;7600.4;13770.5;2282.5;779.0;426.8;0.62;0.50;1.24;1.40;57.15;76.87;68.11;42.34;43.79;41.08;50.50;86.49;62.96;61.37;65.54;77.39;222.8;16.4;5587.2;7090.1;5185.1;3398.5;1825.1;1168.3;757.7;265.5;171.9;114.6;137.5
2019-07-02;1281;113;24925.1;6334.4;14570.7;2000.5;700.6;638.2;0.25;0.28;1.00;1.17;54.39;74.85;64.44;42.32;43.84;38.80;45.77;83.13;62.92;65.76;67.34;71.90;198.3;10.3;6055.1;7199.0;4960.5;3299.7;1753.6;643.9;350.0;208.2;85.2;96.3;273.6
2019-07-03;1299;101;25684.5;6597.6;15194.9;1952.4;734.4;413.8;0.52;0.51;0.86;1.09;53.33;73.62;62.84;39.50;48.36;40.91;51.91;81.93;61.19;68.18;63.73;76.43;202.0;15.5;6124.4;7452.1;5105.4;3066.4;1876.1;630.6;452.2;239.2;221.3;97.3;419.4
2019-07-04;1331;133;23211.6;5377.6;14211.6;2021.8;645.1;335.7;0.56;0.36;1.01;1.10;49.74;70.15;57.83;36.97;43.48;46.17;48.85;77.39;58.02;66.58;66.08;74.37;165.6;15.3;5598.4;6642.0;4506.7;3116.8;1541.2;957.6;305.6;89.3;119.5;135.6;198.9
2019-07-05;1388;138;25058.9;5802.7;15595.3;2028.1;653.5;350.3;1.03;0.80;0.99;0.96;47.73;68.18;55.08;37.36;40.34;36.73;47.39;75.65;57.01;62.84;57.28;66.74;168.8;14.0;5876.5;7507.1;4896.3;3075.2;1701.5;707.4;532.5;370.6;243.0;57.5;91.3
2019-07-06;1416;252;13153.9;2967.7;8174.4;925.4;431.2;258.0;1.02;0.99;1.27;1.50;43.25;64.50;48.33;35.37;34.99;39.48;45.83;70.12;54.07;57.87;57.18;67.47;128.1;15.8;3790.0;3941.1;2444.9;1467.0;657.3;333.6;219.6;106.3;102.7;19.6;71.7
2019-07-07;1402;198;18983.6;4730.3;11046.0;2038.6;374.1;326.5;0.69;0.78;1.07;1.05;44.24;66.03;50.06;35.34;40.46;30.45;45.92;70.50;59.47;61.72;54.50;69.25;134.8;13.8;4278.3;5478.3;3939.7;2312.3;1156.9;636.9;409.8;285.8;173.1;133.2;179.3
2019-07-08;1350;204;12771.8;2712.5;8155.5;847.7;370.2;258.8;2.10;2.08;0.59;0.57;43.00;64.45;48.31;31.11;37.70;40.87;45.23;70.05;50.99;56.64;65.15;69.92;152.1;10.1;3737.8;3823.8;2178.6;1428.7;653.4;400.5;294.1;89.5;16.5;0.0;148.9
2019-07-09;1366;181;14880.3;3257.5;9592.3;1025.3;384.3;281.5;1.43;1.25;1.29;1.62;45.87;66.33;53.09;35.58;33.15;42.42;40.70;72.43;56.81;55.38;61.86;68.30;131.8;11.3;4451.4;4436.6;2645.4;1715.6;813.6;292.5;284.2;89.1;17.1;55.7;79.2
2019-07-10;1379;100;23878.2;5769.7;14582.7;1874.8;547.7;356.9;2.25;1.74;1.07;0.60;47.58;68.71;54.79;37.92;42.28;38.56;47.77;74.92;59.53;66.33;63.83;74.32;204.6;17.1;5949.6;7255.5;4826.0;2677.9;1494.2;675.2;402.5;196.9;99.4;96.1;205.0
2019-07-11;1352;145;27563.8;6710.6;16307.1;2544.5;660.7;491.4;0.86;0.49;1.58;1.07;55.48;75.09;62.89;47.38;44.81;48.32;48.70;80.79;67.52;66.89;75.42;75.75;185.2;16.1;5632.1;7688.0;5514.7;3831.7;2196.5;1102.4;654.5;315.5;218.9;171.8;237.7
2019-07-12;1250;110;26359.4;6550.3;15622.4;2223.6;662.7;418.9;1.23;0.77;0.88;0.91;56.48;75.85;65.54;47.82;47.19;35.85;46.23;82.92;68.30;69.84;60.72;73.21;191.5;12.1;5470.7;7626.2;5435.8;3589.3;2025.5;1085.3;392.8;379.6;200.7;132.5;21.0
2019-07-13;1265;123;22973.3;6097.0;12935.6;2422.3;527.9;405.7;0.80;0.83;0.79;1.02;54.63;74.72;62.52;47.72;45.09;33.99;46.18;81.46;66.94;66.90;60.11;72.10;161.1;10.2;4863.7;6449.7;4805.3;3192.6;1589.7;937.4;369.6;363.7;167.2;93.7;140.8
2019-07-14;1290;122;25781.6;6493.2;14646.0;2912.1;496.7;377.8;0.78;0.65;0.89;0.99;55.92;75.66;63.71;47.35;52.81;38.13;46.29;81.98;69.49;71.79;59.23;69.24;165.2;18.0;4411.0;6858.6;5428.7;3742.2;2068.7;1389.8;710.5;362.7;185.0;75.0;549.5
2019-07-15;1341;117;26994.2;6779.8;15757.3;2457.5;691.6;453.7;1.87;1.48;0.40;0.53;54.71;73.92;65.28;41.75;45.94;36.68;44.51;82.79;62.67;64.77;65.11;70.29;207.7;18.2;5997.4;7810.3;5472.5;3442.5;1881.1;1126.8;539.0;283.9;103.7;95.0;242.1
2019-07-16;1288;144;21642.6;5588.0;12691.5;1761.3;557.8;428.3;2.74;2.10;0.84;0.90;54.33;73.35;64.92;41.00;43.16;41.72;49.41;82.52;61.31;64.53;65.63;69.17;162.1;12.1;5376.6;6274.6;4330.2;2834.5;1236.0;631.2;297.4;119.8;189.3;288.6;64.5
2019-07-17;1330;110;22387.8;5534.5;13040.8;2130.7;461.9;437.4;1.97;0.42;0.90;0.37;56.90;76.83;66.11;45.66;49.30;46.63;55.63;84.68;65.48;67.46;68.57;76.81;123.6;8.9;4816.0;6352.8;4333.1;2999.8;1648.7;1059.7;332.4;192.6;269.6;131.8;251.2
2019-07-18;1321;116;27583.4;6988.7;15975.5;2470.7;669.9;468.7;2.24;2.07;1.51;1.72;54.51;75.51;63.70;44.29;39.83;44.28;49.09;83.11;67.23;62.85;68.67;74.91;193.0;7.4;5930.0;7538.7;5528.8;4133.2;1937.1;1131.9;467.8;255.9;148.9;226.9;284.2
2019-07-19;1341;158;27477.8;7342.8;15503.7;2533.0;751.5;455.7;1.62;1.29;1.26;1.08;57.90;77.07;66.97;48.52;44.30;51.91;51.92;83.94;69.64;65.07;75.98;74.97;174.3;12.3;5670.7;7159.4;5656.3;4041.7;2118.0;982.7;588.7;495.6;153.8;240.3;370.7
2019-07-20;1278;112;26348.4;6657.0;14682.2;2894.9;621.1;561.9;1.96;1.44;0.70;0.86;56.30;75.37;64.51;50.19;49.69;38.97;41.14;82.57;69.59;70.35;63.19;69.54;132.1;12.9;4719.9;6983.8;5068.3;4029.3;1922.4;1491.2;906.0;493.7;221.5;112.2;400.0
2019-07-21;1258;161;21570.1;5858.3;11840.1;2444.4;582.4;274.1;0.58;0.35;0.37;0.39;55.71;76.16;65.25;43.13;48.78;36.28;57.61;83.36;66.51;70.40;57.53;81.49;134.1;8.2;3971.7;6120.8;4489.9;3414.4;1462.5;937.3;385.9;302.4;254.1;113.1;118.0
2019-07-22;1240;105;25064.5;6430.4;14144.3;2265.3;752.0;539.1;1.20;0.97;0.94;0.97;57.55;77.08;67.90;48.79;46.85;40.10;40.77;85.12;70.50;69.00;65.18;70.40;189.9;14.0;5757.9;6987.7;4993.0;3214.1;1631.7;1172.3;503.3;252.5;148.4;280.4;123.1
2019-07-23;1289;128;21311.6;5304.7;12327.0;1977.9;605.8;394.9;1.97;1.49;1.06;0.96;53.24;73.24;63.34;41.76;40.91;37.30;44.81;81.80;63.36;64.24;60.20;66.97;141.8;4.8;5406.9;6150.5;4086.0;2738.6;1301.3;729.5;400.8;166.2;198.0;133.9;0.0
2019-07-24;1374;102;28386.2;7215.9;16539.4;2543.9;880.6;470.5;0.72;0.85;1.04;0.90;54.67;74.24;64.35;42.74;49.43;38.12;50.14;82.19;63.71;69.32;66.97;71.75;216.1;9.8;6143.9;7900.4;5385.0;3834.3;1996.9;1138.8;930.1;385.5;221.3;73.0;377.1
2019-07-25;1337;92;30169.8;7683.0;17676.0;2724.7;735.1;488.8;0.95;0.64;0.63;0.63;55.93;75.88;63.95;47.44;48.31;42.70;51.30;82.94;68.14;67.80;63.65;73.92;168.0;8.3;6073.4;8288.3;6504.5;4212.4;1917.2;1259.8;667.3;344.9;401.3;246.9;253.7
2019-07-26;1337;106;29236.2;7370.9;16879.7;3091.0;705.8;409.7;0.98;0.62;1.74;2.06;56.83;75.87;63.83;48.30;47.91;46.58;54.14;81.83;69.34;65.75;68.66;79.09;229.1;18.8;5893.0;8275.7;6253.4;4315.9;1779.9;1211.1;595.2;450.2;221.5;75.1;165.2
2019-07-27;1259;91;25246.6;5915.4;14860.1;2655.0;572.7;454.6;0.77;0.60;0.72;0.43;54.73;74.13;60.88;48.96;47.28;41.25;48.52;79.97;69.50;67.80;64.71;73.01;147.5;11.6;4655.7;6415.9;5055.0;3473.6;2015.1;1201.7;749.7;543.3;338.8;267.3;530.6
2019-07-28;1272;117;23681.9;5796.6;13498.5;2655.0;501.2;462.2;1.40;1.83;0.54;0.67;56.06;75.01;62.73;48.03;48.19;42.39;53.35;80.04;70.57;69.70;62.88;73.42;157.9;16.0;4235.2;6078.7;4910.6;3571.9;1796.9;1086.4;683.1;449.8;268.3;266.0;334.9
2019-07-29;1287;120;27186.0;7165.5;15389.4;2419.7;797.3;562.2;0.92;0.67;0.69;0.84;56.93;75.97;65.57;48.46;53.48;40.36;45.31;83.49;68.94;72.68;61.61;66.41;164.9;7.1;5742.2;8086.2;5452.4;3465.4;2082.2;1056.6;560.3;361.3;184.2;76.0;119.1
2019-07-30;1286;99;26976.2;6270.9;16394.5;2039.7;876.9;608.0;0.28;0.34;0.30;0.39;56.17;75.76;62.93;51.28;56.70;42.46;44.51;81.62;71.50;76.02;64.83;70.13;194.4;13.9;5849.2;7892.0;5465.7;3678.5;1944.3;908.6;351.6;303.4;202.4;95.3;285.4
2019-07-31;1362;95;29214.8;6948.5;17242.4;2803.5;809.6;598.4;0.74;0.79;0.93;1.18;54.31;73.26;62.03;47.69;50.06;39.13;36.44;79.63;66.85;68.81;62.79;63.33;189.9;16.1;6189.4;8194.7;6298.1;3848.1;2059.2;1193.1;472.7;389.7;222.6;131.7;215.5
2019-08-01;1398;130;23709.5;5757.8;14506.1;1691.5;651.8;332.9;1.93;1.55;1.25;1.22;50.00;70.07;57.77;40.35;48.93;39.95;43.89;76.12;60.72;67.75;68.40;77.87;181.6;15.0;5772.1;6985.3;4976.6;2956.0;1325.4;595.6;356.5;268.0;232.3;91.7;150.0
2019-08-02;1447;95;29124.8;6839.9;17437.1;2628.1;749.0;560.6;4.94;4.06;2.88;3.41;49.54;69.40;58.11;40.08;37.31;40.59;43.61;76.69;61.28;57.97;65.10;67.32;205.1;18.1;6246.4;8477.8;6152.1;3816.4;1842.8;1046.1;536.7;405.6;281.9;152.6;166.4
2019-08-03;1381;132;26317.0;6431.3;15356.7;2795.6;521.5;435.3;3.17;2.24;1.18;0.93;53.54;72.36;59.88;50.33;45.56;50.41;40.16;77.84;69.97;65.84;73.14;64.93;189.2;11.4;4708.2;6846.5;5702.8;3974.3;1656.6;1437.7;639.0;664.0;337.6;191.2;159.0
2019-08-04;1348;155;24420.9;7343.8;12756.1;2614.2;616.0;441.5;1.84;1.73;0.49;0.65;55.05;74.04;61.70;50.97;50.77;46.08;37.63;79.40;70.28;67.80;71.27;60.46;192.1;15.3;4504.7;6366.0;5071.7;3003.6;1771.2;1214.6;846.5;701.3;352.6;248.5;340.2
2019-08-05;1322;148;21387.5;4869.5;12785.4;1749.4;704.2;498.7;2.46;2.15;1.24;1.28;52.77;72.45;61.19;48.79;44.62;42.53;31.46;79.19;69.61;63.50;66.91;57.23;209.8;11.2;5395.2;6304.9;4265.9;2666.5;1236.5;643.4;375.4;174.7;84.6;96.1;144.4
2019-08-06;1366;145;23776.5;5522.2;14311.2;2040.5;672.3;460.0;1.90;1.69;0.77;0.77;55.17;75.11;63.14;49.33;43.35;44.80;43.01;81.12;69.73;66.64;70.10;75.23;194.3;9.5;5317.3;6691.3;4992.4;2947.7;1702.7;874.4;321.8;328.8;232.4;132.9;234.8
2019-08-07;1367;127;27870.4;6385.9;16828.5;2550.6;691.6;551.7;2.89;1.91;1.23;0.86;55.87;75.02;63.01;50.23;47.68;39.62;51.86;81.10;69.77;64.48;67.86;78.07;151.7;12.5;5654.5;7747.8;6186.6;3847.4;1763.4;1035.1;615.4;429.5;69.6;153.5;367.8
2019-08-08;1347;130;25075.6;6143.5;15318.0;2037.1;552.3;402.3;1.95;1.09;2.67;2.20;55.00;74.59;61.22;49.31;51.67;41.36;51.72;80.04;69.88;66.95;67.81;76.62;170.6;16.3;5794.3;7153.4;4928.9;3397.3;1642.5;752.5;656.3;254.8;186.8;132.8;175.9
2019-08-09;1351;143;26721.3;5934.6;16457.0;2450.2;688.7;498.0;1.28;0.92;1.09;1.35;54.70;74.59;61.28;51.87;44.35;41.76;45.03;80.20;70.52;64.65;67.02;71.06;200.7;14.0;5798.6;7772.9;5796.0;3738.8;1557.6;1064.8;437.9;199.9;165.8;77.3;111.5
2019-08-10;1336;144;22474.9;4944.7;13691.9;2336.4;502.2;406.4;2.24;1.64;0.57;0.57;48.63;69.88;52.95;47.44;44.41;35.72;43.96;74.50;65.68;64.86;60.77;69.03;137.3;10.4;4772.5;6203.3;4877.0;3128.6;1387.9;973.7;370.4;360.8;185.7;151.9;63.0
2019-08-11;1357;115;26989.9;6123.8;15981.6;3081.7;529.9;434.7;1.64;1.07;0.75;0.74;54.42;74.31;58.70;54.53;46.33;48.78;40.31;77.86;74.29;67.30;70.95;64.79;162.2;7.7;4553.4;6891.5;5600.5;4023.0;2404.0;1609.0;716.8;495.2;306.4;153.5;236.6
2019-08-12;1346;116;26346.6;5794.9;16252.8;2159.9;670.1;521.6;1.84;1.73;0.84;1.08;54.79;75.54;60.29;53.72;50.16;44.10;40.54;79.69;74.86;70.59;69.98;60.53;193.8;12.3;6035.1;7672.8;5218.7;3572.2;1563.3;1114.9;463.9;357.7;151.7;152.9;43.6
2019-08-13;1293;121;25124.0;5363.2;15711.3;2101.2;712.9;362.5;2.15;1.75;0.65;0.83;57.14;76.34;63.46;54.01;51.36;50.04;45.72;81.33;76.24;67.47;74.50;67.55;166.7;16.3;5360.1;7524.8;4887.8;3363.2;1905.3;884.9;396.7;253.2;181.7;95.7;270.5
2019-08-14;1214;144;23004.8;4710.1;14348.0;1923.2;823.9;460.6;1.88;1.16;0.69;0.63;58.75;78.83;64.41;60.54;52.01;32.80;50.76;83.25;80.56;71.40;57.96;74.06;144.6;11.1;5231.0;6841.5;4641.7;3187.9;1443.3;771.7;356.1;223.2;182.3;96.0;30.2
2019-08-15;1215;157;22596.1;5486.7;12336.7;2960.3;553.6;458.4;1.43;1.22;0.42;0.56;59.75;78.74;66.28;60.57;55.35;43.90;41.30;83.79;80.89;75.28;65.07;66.67;117.0;10.0;3536.4;5920.4;4433.2;3512.5;2034.3;1322.5;719.6;318.0;321.8;229.0;248.4
2019-08-16;1212;112;23154.4;5672.5;13504.8;2316.7;573.7;373.7;2.11;1.15;0.22;0.30;60.64;79.52;68.45;57.04;59.67;44.29;54.18;85.13;76.60;78.88;67.36;79.66;114.8;8.4;4798.5;6317.5;4837.0;2817.6;1656.7;1062.4;555.1;421.4;215.9;188.0;284.4
2019-08-17;1269;146;22382.9;5833.5;12227.1;2664.0;641.9;404.7;1.58;1.51;0.93;1.22;58.82;77.80;65.22;54.57;54.92;41.85;50.07;82.10;75.68;73.87;64.53;75.19;134.5;5.8;4072.0;5837.1;4593.5;3176.4;1659.1;1333.7;541.9;526.2;254.3;287.9;100.6
2019-08-18;1163;167;19639.3;4918.9;10718.8;2528.0;523.2;326.0;0.53;0.40;0.31;0.42;62.66;80.43;69.54;57.83;60.53;40.43;48.99;85.18;77.47;79.68;64.92;77.25;116.0;12.9;3482.8;4895.2;4207.3;2949.5;1614.8;1059.8;560.8;448.4;99.9;191.9;128.9
2019-08-19;1116;116;22278.5;5154.6;13224.3;2013.8;746.8;482.7;0.70;0.49;0.85;0.55;62.53;81.46;69.12;59.55;53.94;44.33;53.80;85.84;80.92;73.35;67.46;76.47;158.2;12.6;4944.9;6422.2;4571.5;3188.1;1293.1;821.0;553.7;240.0;133.8;76.1;34.1
2019-08-20;1210;136;24060.3;6109.2;13810.4;2090.2;795.7;453.9;1.88;1.20;0.17;0.23;61.70;81.30;69.10;56.07;56.89;43.24;55.02;86.62;77.23;77.73;69.20;82.03;171.8;12.9;5109.0;6707.2;4759.0;3605.9;1591.3;899.6;579.3;372.9;99.1;76.7;260.3
2019-08-21;1313;125;24384.0;5538.2;14747.9;2126.0;743.9;362.1;1.32;0.98;0.71;0.89;56.32;76.36;62.03;53.86;52.74;37.16;60.03;81.20;75.42;71.59;62.98;81.74;205.0;12.2;5259.7;7234.2;4832.6;3055.7;1617.7;960.6;455.1;310.7;133.8;93.1;430.9
2019-08-22;1399;124;29217.9;6716.8;17773.8;2349.1;741.0;564.5;1.04;0.83;1.05;0.94;54.52;74.45;59.78;51.64;42.75;48.84;48.27;78.65;73.69;59.79;71.77;74.81;195.4;9.9;6120.3;8380.1;6218.1;3898.6;1830.5;1163.1;437.9;303.3;275.0;373.8;217.2
2019-08-23;1383;122;29089.4;6324.7;17617.2;2732.1;830.6;628.1;1.94;2.17;0.89;0.81;54.35;74.22;60.16;51.30;43.51;47.10;44.45;78.75;72.61;66.74;69.03;72.05;189.0;17.2;5888.2;8226.6;5988.9;4101.1;1930.5;1446.6;454.8;417.0;98.8;56.4;480.5
2019-08-24;1344;141;26032.1;6658.1;14467.2;2904.8;497.9;452.7;2.30;1.84;0.44;0.41;56.17;76.05;63.13;50.00;48.58;44.69;45.84;82.27;70.02;70.35;69.12;73.80;145.0;9.3;4451.7;6654.1;5491.7;3797.6;2080.1;1277.7;848.9;700.7;302.4;191.7;235.4
2019-08-25;1285;122;24568.0;6006.4;13834.6;2728.0;490.4;360.1;1.70;1.94;0.50;0.63;57.84;77.60;62.03;54.77;53.06;48.20;62.87;81.94;74.19;70.52;69.18;86.21;133.0;9.2;4218.6;6628.1;4799.9;3664.3;2262.6;1372.2;745.0;388.6;116.2;212.2;160.3
2019-08-26;1330;203;24736.3;5129.1;15163.3;2150.5;800.5;516.3;1.66;0.89;1.14;1.31;61.23;79.67;66.46;61.33;52.41;53.01;51.39;83.87;80.86;71.39;74.28;74.33;126.3;13.8;4978.6;6891.2;5018.9;3595.5;1722.6;908.6;488.0;341.2;239.3;58.1;494.5
2019-08-27;1390;182;28096.9;5497.7;17887.5;2379.8;821.3;517.0;0.61;0.59;0.64;0.63;58.82;78.18;62.90;60.85;56.79;47.07;41.61;81.48;79.66;73.26;69.54;67.72;165.9;9.0;5798.4;8410.0;5516.3;4073.4;1943.7;1118.9;626.3;316.0;85.0;75.5;133.4
2019-08-28;1382;134;27944.2;6003.1;17438.2;2347.8;618.1;616.1;0.66;0.60;0.55;0.70;56.43;76.58;61.44;55.87;52.14;38.73;41.61;80.63;75.95;70.72;63.38;67.16;186.0;10.2;5841.7;8238.8;5407.6;4161.7;2050.7;1087.7;512.2;375.0;86.3;113.5;68.9
2019-08-29;1339;111;27550.7;5728.9;17551.5;2252.7;671.6;584.0;1.23;1.23;0.21;0.21;57.50;77.98;63.29;57.31;47.03;38.57;45.99;81.46;77.26;70.60;68.98;67.78;200.2;12.6;5908.6;8479.4;5308.6;3989.2;1959.9;837.1;472.6;223.5;153.4;93.7;124.8
2019-08-30;1327;133;27035.0;5316.3;17000.9;2137.9;943.1;587.9;2.03;1.34;0.49;0.66;59.43;79.40;63.87;62.17;55.89;43.10;47.98;82.82;80.04;76.22;68.15;74.50;159.3;11.0;5779.8;7799.4;5511.0;3501.4;2041.6;900.2;488.8;392.7;155.4;112.2;352.4
2019-08-31;1327;136;25874.4;6048.2;15467.1;2454.8;675.2;467.4;1.32;1.28;0.78;1.01;54.92;76.05;60.97;53.61;44.82;36.29;49.74;80.33;75.67;63.40;62.89;77.61;142.5;9.0;5067.9;7287.8;5094.5;3908.5;1988.7;1007.3;437.1;460.6;267.0;131.1;223.9
2019-09-01;1343;143;24508.9;5054.5;14924.4;2814.6;585.7;377.8;2.86;2.22;0.65;0.79;56.01;76.98;59.69;57.11;44.45;41.99;56.24;78.82;77.71;66.19;68.66;78.54;134.4;7.0;4406.0;6626.2;4990.6;3798.6;1848.0;1016.9;423.0;416.2;284.4;149.6;549.4
2019-09-02;1289;157;22152.9;4907.0;14042.2;1412.3;694.7;426.4;1.33;0.83;0.54;0.71;57.49;78.67;62.99;53.95;50.07;47.62;56.20;81.78;76.54;70.80;72.11;78.24;150.8;13.1;5537.3;6788.0;4267.3;2875.5;1106.3;760.6;270.9;269.9;152.4;57.2;67.4
2019-09-03;1369;131;24556.5;5894.6;14924.9;1573.5;769.3;518.6;0.79;0.50;1.58;1.72;54.70;75.03;59.12;52.30;48.43;46.83;44.53;78.03;73.63;66.77;71.47;68.24;182.5;12.1;5880.0;7213.2;4734.8;3198.0;1513.9;857.7;438.0;209.5;219.9;55.1;236.3
2019-09-04;1376;96;26022.5;5891.5;16102.3;1601.4;776.4;608.7;0.58;0.65;0.78;0.82;55.04;74.93;61.42;51.66;46.31;42.51;43.39;80.38;72.16;64.24;64.62;63.96;195.0;19.2;6121.5;7538.5;5501.2;3335.8;1474.3;769.5;492.1;264.4;235.4;95.9;193.9
2019-09-05;1362;134;26256.7;5497.8;16523.9;1970.6;732.1;563.9;1.22;0.93;1.21;1.19;54.28;74.18;60.62;51.43;36.38;45.44;44.38;79.71;72.71;53.81;65.60;67.64;227.3;16.8;6226.9;7718.4;5310.8;3425.0;1711.9;769.1;473.9;282.9;117.9;58.0;161.9
2019-09-06;1377;149;25362.4;5221.4;15864.7;1891.4;861.1;483.3;1.38;1.08;0.92;0.99;54.18;74.18;61.58;49.40;33.00;39.62;50.02;79.62;71.44;58.36;61.50;70.67;205.6;12.1;6087.0;7412.4;5438.6;3082.4;1678.6;705.3;517.0;195.0;68.1;73.3;104.7
2019-09-07;1406;206;15468.7;3647.3;9208.3;1080.3;404.3;357.9;2.45;2.23;1.86;2.25;46.79;68.57;52.15;40.81;36.89;31.65;45.51;73.73;63.22;49.80;55.39;71.60;129.9;15.5;4044.1;4541.4;2939.7;1622.4;826.7;446.8;269.9;379.9;150.7;113.7;133.5
2019-09-08;1414;178;18103.1;4025.5;10852.1;1520.0;577.6;304.6;2.68;2.74;2.44;2.12;46.77;67.97;52.77;42.18;25.58;36.28;45.44;74.20;63.52;41.10;55.35;72.29;149.3;11.7;4085.3;5393.2;3464.4;2531.0;1144.2;441.0;364.9;194.3;119.3;131.7;233.7
2019-09-09;1393;150;23031.7;4826.7;14803.2;1454.1;671.0;430.0;1.98;1.15;1.08;1.06;50.45;70.99;56.64;44.43;32.35;39.88;48.30;76.37;65.96;53.01;63.04;70.65;187.5;9.5;5708.0;6913.4;4688.2;2829.1;1225.3;922.8;325.0;192.5;82.8;74.6;69.8
2019-09-10;1407;246;12487.5;2392.0;8203.0;762.6;519.1;177.3;1.07;0.82;1.43;0.87;48.18;68.17;54.05;41.50;34.14;33.00;47.14;73.69;60.18;56.14;57.05;70.77;99.9;9.0;3820.1;3921.3;2238.0;1222.2;564.9;332.3;100.2;88.6;32.6;0.0;167.4
2019-09-11;1422;163;24637.4;5333.7;15431.9;1799.7;749.1;469.5;0.92;0.95;1.70;0.82;52.44;71.83;58.98;46.88;39.51;41.65;47.39;77.54;64.96;63.44;65.54;71.15;162.1;14.2;5894.9;7248.7;4827.8;3383.4;1562.0;650.3;541.3;255.2;67.2;38.3;168.2
2019-09-12;1387;146;23960.2;5174.9;15009.7;1409.8;1047.5;504.2;1.01;1.07;1.79;1.31;53.10;73.38;58.92;49.14;46.68;42.88;44.67;78.76;67.37;67.79;67.24;71.81;163.9;20.1;6075.0;6990.0;4613.5;2828.0;1536.9;657.0;218.2;150.0;67.0;75.8;748.8
2019-09-13;1403;141;22089.8;4812.9;13980.1;1309.2;728.1;378.6;1.82;0.84;0.77;0.95;52.42;72.93;60.55;43.41;41.82;40.62;53.70;79.07;65.92;63.32;64.29;78.64;196.8;18.4;5875.7;6810.8;4222.1;2570.2;1152.4;595.8;384.2;178.1;84.4;76.9;139.3
2019-09-14;1331;172;19179.5;4090.5;11981.3;1428.9;521.9;315.0;0.39;0.52;0.67;0.68;51.68;72.62;57.37;45.88;41.22;39.75;50.49;76.69;68.11;61.72;63.20;76.26;129.5;10.6;4523.7;5635.6;3949.1;2396.4;957.5;776.4;327.5;194.3;132.3;37.8;248.8
2019-09-15;1346;248;14244.6;3090.7;8797.2;1031.4;560.1;225.7;0.08;0.11;0.68;0.74;48.01;70.02;52.56;45.83;49.25;42.67;37.32;74.18;65.77;66.49;66.03;61.74;114.2;12.1;3654.7;4170.2;2536.0;1639.3;942.3;273.1;125.8;131.9;122.0;115.3;533.9
2019-09-16;1385;224;18172.6;3864.4;11642.8;1071.5;580.0;338.6;0.68;0.89;0.82;0.85;53.17;72.79;60.83;44.82;44.90;44.34;41.87;78.89;65.53;65.54;68.78;64.07;160.4;11.8;5083.1;5609.5;3479.9;1881.7;1071.8;376.0;267.8;103.0;100.0;56.6;143.4
2019-09-17;1361;302;12677.2;2228.4;8561.1;760.9;448.6;234.8;1.09;0.91;1.90;1.59;50.20;70.44;58.25;42.30;38.51;39.70;36.58;77.02;61.77;63.99;67.30;67.66;102.4;9.2;3866.1;3847.8;2136.0;1369.4;608.0;302.5;101.4;72.6;103.4;55.8;214.1
2019-09-18;1358;230;17220.9;3677.8;11076.6;1021.3;556.4;335.3;2.40;1.69;0.48;0.37;50.35;71.28;57.94;42.00;45.33;45.20;42.16;77.48;63.56;67.78;73.93;67.15;138.8;14.8;4938.6;5143.2;3212.0;1898.4;879.0;543.0;140.8;120.3;68.0;39.1;238.6
2019-09-19;1357;220;17151.8;3581.7;10879.5;1038.5;452.4;490.5;1.16;0.82;0.47;0.62;50.81;71.27;59.00;40.61;43.43;48.59;38.55;78.49;61.72;61.68;69.20;64.38;154.0;11.5;4829.7;5293.9;3048.0;1940.4;854.8;497.8;271.9;74.0;67.3;57.0;217.0
2019-09-20;1387;229;17595.0;4072.4;10754.2;1105.9;546.6;440.3;1.40;0.92;0.90;1.11;50.47;71.31;59.47;36.80;38.84;49.06;37.07;79.01;58.75;58.24;74.23;59.11;151.6;16.7;4781.0;5184.1;3100.5;1908.9;855.4;642.2;241.4;280.2;248.2;132.2;220.9
2019-09-21;1348;231;14919.4;3229.4;9234.0;1156.1;409.7;284.5;2.25;2.21;0.82;1.00;48.27;70.01;55.19;37.22;40.44;46.53;45.81;75.88;60.17;60.30;71.63;66.05;104.8;12.0;4222.6;4309.4;2831.8;1679.9;742.5;552.5;323.7;150.0;66.6;0.0;40.4
2019-09-22;1337;209;17545.6;4357.3;10271.6;1537.1;473.8;235.7;2.29;2.04;0.31;0.37;50.28;72.08;54.21;44.83;43.64;42.75;53.15;76.04;66.56;62.99;67.98;73.68;164.7;18.7;3692.4;4952.7;3643.9;2051.1;1399.4;676.0;348.2;163.0;166.9;129.5;322.5
2019-09-23;1280;176;15639.0;3132.5;10157.6;966.6;530.8;273.1;3.08;2.32;0.78;0.93;50.76;71.43;57.62;41.54;32.09;43.11;42.39;77.78;62.09;53.52;61.46;73.28;139.6;11.8;4638.6;4754.0;3109.6;1713.0;713.1;442.8;75.9;103.1;16.2;37.5;35.2
2019-09-24;1375;233;19022.0;3825.4;12121.6;1226.3;673.3;383.6;1.24;1.10;1.03;0.87;54.77;75.73;62.69;45.97;34.70;47.94;48.12;81.74;68.56;59.47;71.75;72.68;111.5;6.0;4703.1;5713.5;3624.5;2212.4;1186.4;632.5;242.2;163.5;66.1;36.4;441.3
2019-09-25;1352;191;19437.1;3961.2;12635.1;1232.2;539.9;433.8;0.50;0.42;0.24;0.29;52.39;73.52;58.57;44.92;42.07;46.23;47.98;78.54;66.00;59.84;69.83;76.09;135.6;9.1;5103.1;5666.2;3626.4;2059.7;1094.5;667.8;398.9;165.9;135.6;421.6;97.4
2019-09-26;1368;217;20001.9;4168.0;12648.1;1320.1;710.9;379.5;0.16;0.17;0.57;0.44;53.58;73.49;61.45;45.58;47.98;41.70;49.85;79.65;65.96;69.84;69.33;71.58;153.6;8.6;5002.3;5882.1;3992.5;2224.7;1197.0;781.8;270.6;104.1;67.4;97.4;382.1
2019-09-27;1471;360;16363.1;3087.3;10553.3;999.0;660.5;348.9;0.82;0.86;0.63;0.72;51.63;72.10;59.46;43.63;43.43;38.76;48.53;77.76;66.64;63.96;60.99;66.83;112.1;17.0;4582.5;4891.4;3169.7;1972.2;894.7;363.1;163.8;57.8;50.0;19.0;198.8
2019-09-28;1507;270;17311.2;3523.7;11031.8;1318.7;491.2;277.6;0.90;0.64;0.67;0.89;45.75;67.13;52.19;39.23;38.85;38.08;41.42;72.93;61.10;57.83;64.97;56.84;143.6;6.9;4408.5;5046.6;3212.1;2209.0;1149.0;510.2;254.6;135.5;102.9;152.2;130.6
2019-09-29;1498;330;12146.4;2669.1;7524.4;913.6;318.0;235.8;2.02;2.32;1.24;1.26;43.13;66.27;49.01;37.52;27.85;29.15;33.37;72.09;60.53;44.66;55.13;62.79;109.8;8.8;3213.4;3695.6;2240.8;1325.4;776.4;299.6;131.3;29.5;102.7;94.7;236.9
2019-09-30;1497;354;10699.9;2050.8;7032.9;556.2;480.3;186.0;2.09;1.79;0.46;0.57;46.03;67.65;54.66;36.88;27.54;29.96;33.67;75.09;60.21;45.55;49.72;60.86;102.4;7.3;3561.9;3380.0;1836.7;938.8;415.6;165.9;40.2;75.8;32.9;55.6;196.6
2019-10-01;1543;394;11124.8;1985.3;7544.3;578.3;408.4;198.8;1.37;0.88;0.51;0.41;47.37;66.53;54.63;37.79;42.00;32.70;46.09;73.25;59.40;56.54;51.62;72.05;90.6;5.6;3771.2;3546.0;1870.4;1018.9;400.1;229.5;51.9;105.4;51.7;0.0;79.7
2019-10-02;1546;367;14288.3;2451.6;9802.8;826.3;515.1;254.5;1.50;1.31;0.77;0.70;47.08;67.56;53.29;41.23;41.04;30.72;42.77;73.60;62.38;58.58;52.68;68.99;99.8;6.6;4352.7;4351.6;2622.9;1479.5;693.7;304.6;131.5;43.5;50.6;18.3;239.2
2019-10-03;1529;303;16655.0;2956.9;11279.2;1116.0;515.5;267.9;1.51;1.07;1.36;1.48;49.42;68.86;55.51;44.06;32.65;33.57;44.22;74.80;63.41;55.67;52.17;61.62;112.0;7.4;4869.5;5286.5;2922.1;1675.8;886.1;370.5;319.4;91.7;67.9;76.4;89.2
2019-10-04;1512;316;16011.2;2796.3;10708.6;956.5;756.4;293.6;1.78;1.46;1.04;1.13;49.16;69.36;53.26;46.86;40.85;31.94;44.14;73.11;66.11;63.92;50.65;61.41;118.1;11.0;4978.5;4703.7;2950.8;1557.8;832.9;327.8;156.7;119.0;17.4;18.9;347.7
2019-10-05;1578;437;11037.8;1790.0;7479.6;769.7;384.7;207.1;2.60;2.36;1.62;1.73;43.76;65.36;45.92;42.29;29.20;30.31;41.08;67.57;65.01;49.04;48.13;66.66;92.1;7.5;3477.3;3432.3;2104.2;1040.5;472.4;238.3;90.9;91.6;17.2;19.8;53.3
2019-10-06;1577;555;7204.2;1146.0;4903.5;489.2;269.8;125.4;3.57;3.12;1.26;1.56;41.13;62.12;45.06;38.08;21.34;25.88;33.97;64.46;61.67;38.06;50.24;55.92;71.3;5.9;2270.0;2131.1;1472.1;703.6;266.5;108.6;66.6;45.6;0.0;0.0;140.3
2019-10-07;1615;399;13006.5;1984.3;9360.1;687.6;403.3;200.1;3.01;2.35;1.03;0.82;46.40;66.71;52.04;41.02;28.36;30.90;36.20;71.25;63.15;48.06;49.49;61.18;110.9;8.6;4354.9;4175.4;2323.8;1193.2;522.0;208.3;52.6;28.4;103.1;0.0;44.9
2019-10-08;1599;433;10911.6;1603.6;7924.0;571.3;357.6;147.0;3.00;2.39;0.71;0.94;47.20;66.30;50.91;44.61;39.75;30.83;41.15;70.62;62.95;52.85;49.39;67.40;101.8;7.6;3869.8;3416.4;1831.1;968.9;425.2;148.5;37.8;14.2;117.3;0.0;82.4
2019-10-09;1594;318;16173.2;2754.1;11120.2;1040.6;532.0;244.3;2.57;1.99;0.99;1.31;48.24;67.88;52.30;45.08;34.73;28.43;49.76;72.11;65.33;54.51;51.05;72.33;130.0;8.7;4965.3;5203.7;2869.2;1648.1;759.7;345.6;167.7;46.5;68.4;99.0;0.0
2019-10-10;1558;356;14028.0;2667.2;9553.7;850.1;377.9;206.3;2.82;1.87;0.58;0.66;46.96;67.03;52.03;40.98;35.00;28.86;41.15;71.75;62.64;53.77;50.91;68.48;142.4;5.2;4494.2;4566.3;2487.1;1370.6;500.1;253.1;101.9;88.3;51.5;37.1;77.7
2019-10-11;1404;363;12942.8;2123.7;8912.0;709.0;520.2;276.6;1.75;1.35;0.57;0.55;52.25;73.37;57.90;47.32;47.82;30.15;35.42;78.15;68.26;70.57;59.93;64.38;82.2;7.1;4228.9;4073.7;2294.0;1218.3;558.8;230.8;118.5;43.1;70.1;38.4;68.2
2019-10-12;1469;455;7797.6;959.3;5659.7;477.8;298.1;105.7;0.76;0.55;1.14;1.52;43.98;65.06;43.88;46.11;44.05;31.43;46.11;68.15;62.52;63.64;56.10;66.96;59.9;2.5;2646.2;2541.8;1408.5;642.6;268.2;142.5;87.3;60.6;0.0;0.0;0.0
2019-10-13;1538;319;12759.4;2313.9;8267.6;996.3;418.1;155.7;0.22;0.28;1.33;1.72;42.00;62.55;44.55;38.22;37.26;31.97;45.12;66.16;57.43;53.90;53.76;65.25;78.0;11.3;3374.8;3905.3;2394.8;1587.9;700.1;302.2;242.3;73.2;67.6;77.2;34.0
2019-10-14;1523;255;18758.4;3701.6;12314.3;1429.7;463.4;298.3;1.09;1.24;1.82;2.14;49.55;68.84;55.99;43.21;37.60;34.77;42.11;74.51;61.82;55.11;58.42;68.14;148.5;11.3;5117.4;5998.3;3517.1;2127.3;987.9;519.7;126.4;118.3;85.7;0.0;160.4
2019-10-15;1552;323;19148.5;3628.7;12733.3;1417.5;471.0;310.9;3.49;3.09;1.10;1.47;50.71;70.75;57.45;43.50;35.32;38.27;32.37;77.01;63.48;56.84;63.19;60.52;150.7;11.9;5222.4;5778.4;3653.8;2248.0;1158.2;563.7;258.3;90.5;35.3;18.0;121.9
2019-10-16;1481;334;14845.8;2628.3;10132.5;1034.7;338.1;250.5;2.67;1.56;0.68;0.84;53.33;73.12;60.12;45.23;37.51;43.82;42.22;79.17;63.97;60.14;72.93;68.04;137.9;5.5;4287.2;4461.5;2773.9;1637.5;856.3;336.0;168.9;134.3;32.9;36.7;120.7
2019-10-17;1454;282;16883.5;3237.3;11335.6;1135.8;461.4;312.5;0.37;0.44;0.70;0.86;52.66;72.73;58.80;45.09;36.93;44.59;45.22;78.79;62.82;56.64;73.05;70.11;106.2;12.2;4797.5;5344.2;3410.0;1673.7;918.7;417.0;165.7;104.8;33.4;18.5;0.0
2019-10-18;1463;290;16934.9;3181.5;11166.4;1202.1;518.2;357.2;0.67;0.58;0.70;0.93;52.43;72.14;60.47;43.14;36.28;39.02;37.85;79.85;60.94;57.07;65.88;58.53;137.4;10.4;4709.6;5138.4;3362.1;1968.3;814.4;387.1;177.8;118.9;68.3;39.1;150.8
2019-10-19;1436;361;12114.9;2324.2;7695.7;995.0;388.8;255.3;0.68;0.63;0.82;0.94;50.25;71.44;58.37;43.10;42.30;26.60;33.42;79.22;64.41;64.35;48.57;51.78;86.2;4.5;3203.4;3715.9;2433.3;1162.7;626.8;457.5;167.5;121.9;84.6;59.1;82.5
2019-10-20;1462;316;13224.1;2385.0;8727.0;1091.2;325.9;187.9;1.41;1.36;0.60;0.74;43.81;66.03;49.52;39.00;32.80;25.37;38.47;71.31;61.69;57.28;49.71;63.24;110.2;9.9;3306.7;3871.0;2682.5;1679.7;788.8;391.5;170.0;149.5;49.5;18.7;116.1
2019-10-21;1530;309;16435.3;3019.2;11180.8;1008.3;536.0;247.9;2.19;1.65;0.56;0.64;50.03;70.35;56.69;44.48;43.46;32.34;42.29;76.09;64.08;65.59;52.00;63.79;143.3;7.1;4827.0;5169.3;2925.7;1744.7;860.4;514.8;139.9;103.8;85.8;38.3;25.6
2019-10-22;1491;286;18037.3;3121.6;12166.7;1212.3;579.1;364.9;2.68;2.13;0.91;1.00;51.98;71.69;57.63;50.66;42.64;25.85;43.85;76.58;70.39;66.13;46.39;66.16;152.3;11.9;5035.2;5526.7;3451.8;2105.6;944.0;358.4;229.8;133.1;17.0;76.3;159.3
2019-10-23;1601;278;17160.1;2975.5;11755.1;1040.4;564.1;289.5;3.75;2.79;1.42;1.62;47.19;67.37;52.11;46.65;40.51;30.52;42.18;72.53;64.82;59.24;47.45;64.41;120.1;10.0;4981.0;5119.2;3396.1;2036.7;730.8;341.7;139.8;121.2;66.8;76.5;150.2
2019-10-24;1586;289;16668.7;3161.2;11253.3;905.5;543.7;298.7;1.07;0.76;0.49;0.65;48.66;68.97;54.99;42.79;42.32;36.82;40.98;75.49;62.69;66.78;55.85;60.54;118.3;8.9;4900.1;5189.8;3038.8;1806.3;840.2;415.6;175.2;104.8;135.2;37.4;25.3
2019-10-25;1516;295;18161.4;3200.2;12280.3;1176.4;593.2;323.3;0.74;0.58;1.15;1.51;49.33;70.72;57.93;40.28;43.18;31.08;43.06;77.99;62.67;68.92;54.00;59.82;140.6;10.8;5141.6;5595.6;3518.3;2056.0;879.4;470.2;177.2;76.1;168.7;38.0;40.4
2019-10-26;1491;337;15173.2;2601.6;10029.3;1183.3;397.5;196.2;0.97;0.59;0.54;0.60;47.31;69.71;54.45;41.85;40.22;30.01;38.65;76.55;65.90;62.53;50.80;62.89;123.1;3.8;3755.5;4439.4;2999.0;1895.2;1060.6;415.5;216.7;240.7;17.8;112.6;20.2
2019-10-27;1563;465;10601.4;1720.1;7230.6;815.4;307.2;165.5;1.19;1.35;1.27;1.51;43.49;64.84;47.86;42.73;32.67;28.06;41.78;69.87;63.15;52.47;48.35;64.06;102.7;5.0;3128.6;3320.7;1980.5;1224.2;411.5;247.3;63.8;57.0;16.0;0.0;151.7
2019-10-28;1496;361;12323.9;2101.0;8426.9;793.9;466.3;196.7;0.63;0.79;1.26;1.68;47.49;68.64;55.45;38.83;37.06;28.80;30.17;76.33;60.53;58.14;55.97;52.48;132.2;9.6;4044.2;3907.1;2146.8;1302.0;409.3;229.0;75.2;75.6;16.6;36.9;81.2
2019-10-29;952;949;5.1;0.0;0.0;3.0;0.0;0.0;0.62;0.55;0.00;0.00;56.06;76.85;65.50;38.86;44.09;35.11;47.90;84.33;64.57;60.24;73.81;65.33;0.0;0.0;2.1;3.0;0.0;0.0;0.0;0.0;0.0;0.0;0.0;0.0;0.0
2019-10-30;1;1;0.0;0.0;0.0;0.0;0.0;0.0;0.00;0.00;0.00;0.00;82.14;93.34;88.33;62.55;85.08;59.20;100.00;96.44;83.77;92.29;88.48;100.00;0.0;0.0;0.0;0.0;0.0;0.0;0.0;0.0;0.0;0.0;0.0;0.0;0.0
2019-10-31;0;0;0.0;0.0;0.0;0.0;0.0;0.0;0.00;0.00;0.00;0.00;90.73;97.20;92.74;78.88;88.89;96.43;100.00;97.88;92.36;92.59;100.00;100.00;0.0;0.0;0.0;0.0;0.0;0.0;0.0;0.0;0.0;0.0;0.0;0.0;0.0
